domain,group,risk_factors,unweighted_n,percent,standard_error,ci_low,ci_high,design_df
all,all,none,5249,36.4,1.4,33.6,39.2,15
all,all,one,5249,34.9,0.9,33.2,36.7,15
all,all,two_or_more,5249,28.7,1.0,26.7,30.7,15
sex,men,none,2396,34.9,1.0,32.9,36.9,15
sex,men,one,2396,33.4,1.3,30.9,35.9,15
sex,men,two_or_more,2396,31.7,1.4,28.9,34.4,15
sex,women,none,2853,37.8,2.2,33.4,42.2,15
sex,women,one,2853,36.4,1.3,33.9,38.9,15
sex,women,two_or_more,2853,25.8,1.5,22.9,28.7,15
age,20-39,none,1283,53.7,2.3,49.1,58.3,15
age,20-39,one,1283,27.0,1.8,23.4,30.6,15
age,20-39,two_or_more,1283,19.3,1.4,16.5,22.0,15
age,40-59,none,1542,29.6,1.6,26.4,32.7,15
age,40-59,one,1542,35.9,1.4,33.1,38.6,15
age,40-59,two_or_more,1542,34.5,1.2,32.2,36.9,15
age,60+,none,2424,24.7,1.3,22.2,27.3,15
age,60+,one,2424,42.6,1.2,40.3,44.8,15
age,60+,two_or_more,2424,32.7,1.8,29.2,36.2,15
