feature,mean_absolute_shap_log_odds,coefficient,display_feature
numeric__RIDAGEYR,1.066634465909226,1.2234081746520806,Age
numeric__LBXTC,0.2910124751502669,-0.4245156903818847,Total cholesterol
categorical__ever_smoked_yes,0.2854012883147339,0.5952791681029945,Ever smoked
numeric__INDFMPIR,0.22648941935933184,-0.27259682992231515,Income-to-poverty ratio
numeric__missingindicator_BMXBMI,0.1720509754340962,0.1942429222543019,Missing: BMI
numeric__BMXWAIST,0.13738925133327143,0.19086265906442476,Waist circumference
categorical__RIAGENDR_2,0.10967805929956165,-0.22094384124451752,Sex: women
numeric__missingindicator_mean_systolic_bp,0.09542492775922021,-0.10617392265358876,Missing: Mean systolic BP
numeric__missingindicator_mean_diastolic_bp,0.09542492775922021,-0.10617392265358876,Missing: Mean diastolic BP
numeric__LBXGH,0.0768102438721544,0.15296850547877125,HbA1c
numeric__missingindicator_LBXGH,0.07238754181687415,-0.07963648213383046,Missing: HbA1c
numeric__BMXBMI,0.07013427273497427,0.09837191043636105,BMI
numeric__missingindicator_LBDHDD,0.0607543029367721,0.06480647891114807,Missing: HDL cholesterol
numeric__missingindicator_LBXTC,0.0607543029367721,0.06480647891114807,Missing: Total cholesterol
numeric__missingindicator_BMXWAIST,0.06024230663401813,0.06672572649330392,Missing: Waist circumference
categorical__RIDRETH3_1,0.04685874523088559,-0.3664452602552241,RIDRETH3_1
numeric__mean_diastolic_bp,0.04491903298339557,-0.06604327413584923,Mean diastolic BP
categorical__RIDRETH3_2,0.03396819371883445,0.20003111172124124,RIDRETH3_2
categorical__RIDRETH3_6,0.01740298220171429,0.1876837221654014,RIDRETH3_6
categorical__RIDRETH3_3,0.01565277846654336,0.03214339639613572,RIDRETH3_3
categorical__RIDRETH3_4,0.010159923377545267,-0.04272042293097823,RIDRETH3_4
numeric__missingindicator_INDFMPIR,0.00803904142055279,0.010332313105846123,Missing: Income-to-poverty ratio
numeric__mean_systolic_bp,0.006353529170939947,0.009547509521112963,Mean systolic BP
categorical__RIDRETH3_7,0.004737544152216174,-0.036201293414511095,RIDRETH3_7
numeric__LBDHDD,0.0019482031792570757,0.0029119083841278384,HDL cholesterol
